--------------
/* Rebecca Bruggman */



/* switch to correct db */
use a_testbed
--------------

Query OK, 0 rows affected (0.00 sec)

--------------
/*  TASK 00 */ 
select user(), current_date(), version(), @@sql_mode
--------------

*************************** 1. row ***************************
        user(): bexcitement@localhost
current_date(): 2015-01-21
     version(): 5.5.40-0ubuntu1
    @@sql_mode: 
1 row in set (0.00 sec)

--------------
/*  TASK 01 */
Delete
From a_testbed.zoo_2015
Where z_id > 100
--------------

Query OK, 3 rows affected (0.08 sec)

--------------
Select *
From a_testbed.zoo_2015
--------------

+------+---------+-----------+---------+---------------------+------------+
| z_id | z_name  | z_type    | z_cost  | z_dob               | z_acquired |
+------+---------+-----------+---------+---------------------+------------+
|   23 | Sam     | Giraffe   | 5000.00 | 2012-05-15 00:00:00 | 2012-05-15 |
|   25 | Abigail | Armadillo |  490.00 | 2014-12-15 00:00:00 | 2015-01-05 |
|   56 | Leon    | Lion      | 5000.00 | 2010-02-25 00:00:00 | 2010-03-25 |
|   57 | Lenora  | Lion      | 5000.00 | 2014-03-25 00:00:00 | 2014-03-31 |
|   85 | Sally   | Giraffe   | 5000.25 | 2011-05-15 00:00:00 | 2012-05-15 |
|   43 | Huey    | Zebra     | 2500.25 | 2013-06-02 00:00:00 | 2014-06-02 |
|   44 | Dewey   | Zebra     | 2500.25 | 2013-06-02 00:00:00 | 2014-06-02 |
|   45 | Louie   | Zebra     | 2500.25 | 2013-01-02 00:00:00 | 2014-01-02 |
|   47 | NULL    | Horse     |  490.00 | 2010-05-15 00:00:00 | 2010-04-15 |
|   52 | Dewey   | Giraffe   | 3750.00 | 2013-06-06 00:00:00 | 2013-07-12 |
+------+---------+-----------+---------+---------------------+------------+
10 rows in set (0.00 sec)

--------------
/*  TASK 02 */
Insert Into a_testbed.zoo_2015  (z_id, z_name, z_type, z_cost, z_dob, z_acquired)
Values (123,'Pusheen','Cat', 15000.00, '1987-11-01','2010-08-20'),
(456, 'Donald', 'Zebra', 780.00, '2010-01-17', '2013-06-15'),
(789, 'Sebastian', 'Crab', 32.00, '1990-04-05', '2009-04-10')
--------------

Query OK, 3 rows affected (0.05 sec)
Records: 3  Duplicates: 0  Warnings: 0

--------------
/*  TASK 03 */
Insert Into a_testbed.zoo_2015 (z_id, z_name, z_type, z_cost, z_dob, z_acquired) 
Values(132,'Charlie','Platypus', 4348.00, '2014-06-10','2015-08-15'),
(154,'Zoey','Tiger', 8000.00, '2014-08-12','2016-01-01'),
(186,'Sophia','Meerkat', 1860.00, '2014-07-28','2014-10-31'),
(501, 'Snoopy', 'Dog', 1.00, '1951-02-02', '1951-02-02' ),
(502, 'Tweety', 'Bird', 0.10, '1942-01-02', '1942-01-01' ),
(503, 'Tiny', 'Hippopotamus', 5000.00, '2011-06-06', '2014-03-04'),
(110,'Eric','Bear',4000.00,'2015-01-01','1990-01-01'),
(120,'Ryan','Puma',6000.00,'2015-01-02','1978-04-21'),
(130,'Becky','Manatee',8000.00,'2015-01-03','1980-05-12')
--------------

Query OK, 9 rows affected (0.04 sec)
Records: 9  Duplicates: 0  Warnings: 0

--------------
/* TASK 04 */
Select z_name, z_type, z_id, z_cost, z_dob, z_acquired
From a_testbed.zoo_2015
--------------

+-----------+--------------+------+----------+---------------------+------------+
| z_name    | z_type       | z_id | z_cost   | z_dob               | z_acquired |
+-----------+--------------+------+----------+---------------------+------------+
| Sam       | Giraffe      |   23 |  5000.00 | 2012-05-15 00:00:00 | 2012-05-15 |
| Abigail   | Armadillo    |   25 |   490.00 | 2014-12-15 00:00:00 | 2015-01-05 |
| Leon      | Lion         |   56 |  5000.00 | 2010-02-25 00:00:00 | 2010-03-25 |
| Lenora    | Lion         |   57 |  5000.00 | 2014-03-25 00:00:00 | 2014-03-31 |
| Sally     | Giraffe      |   85 |  5000.25 | 2011-05-15 00:00:00 | 2012-05-15 |
| Huey      | Zebra        |   43 |  2500.25 | 2013-06-02 00:00:00 | 2014-06-02 |
| Dewey     | Zebra        |   44 |  2500.25 | 2013-06-02 00:00:00 | 2014-06-02 |
| Louie     | Zebra        |   45 |  2500.25 | 2013-01-02 00:00:00 | 2014-01-02 |
| NULL      | Horse        |   47 |   490.00 | 2010-05-15 00:00:00 | 2010-04-15 |
| Dewey     | Giraffe      |   52 |  3750.00 | 2013-06-06 00:00:00 | 2013-07-12 |
| Pusheen   | Cat          |  123 | 15000.00 | 1987-11-01 00:00:00 | 2010-08-20 |
| Donald    | Zebra        |  456 |   780.00 | 2010-01-17 00:00:00 | 2013-06-15 |
| Sebastian | Crab         |  789 |    32.00 | 1990-04-05 00:00:00 | 2009-04-10 |
| Charlie   | Platypus     |  132 |  4348.00 | 2014-06-10 00:00:00 | 2015-08-15 |
| Zoey      | Tiger        |  154 |  8000.00 | 2014-08-12 00:00:00 | 2016-01-01 |
| Sophia    | Meerkat      |  186 |  1860.00 | 2014-07-28 00:00:00 | 2014-10-31 |
| Snoopy    | Dog          |  501 |     1.00 | 1951-02-02 00:00:00 | 1951-02-02 |
| Tweety    | Bird         |  502 |     0.10 | 1942-01-02 00:00:00 | 1942-01-01 |
| Tiny      | Hippopotamus |  503 |  5000.00 | 2011-06-06 00:00:00 | 2014-03-04 |
| Eric      | Bear         |  110 |  4000.00 | 2015-01-01 00:00:00 | 1990-01-01 |
| Ryan      | Puma         |  120 |  6000.00 | 2015-01-02 00:00:00 | 1978-04-21 |
| Becky     | Manatee      |  130 |  8000.00 | 2015-01-03 00:00:00 | 1980-05-12 |
+-----------+--------------+------+----------+---------------------+------------+
22 rows in set (0.00 sec)

--------------
/* TASK 05 */
SELECT z_type, z_name, z_cost
from a_testbed.zoo_2015
order by z_type, z_name
--------------

+--------------+-----------+----------+
| z_type       | z_name    | z_cost   |
+--------------+-----------+----------+
| Armadillo    | Abigail   |   490.00 |
| Bear         | Eric      |  4000.00 |
| Bird         | Tweety    |     0.10 |
| Cat          | Pusheen   | 15000.00 |
| Crab         | Sebastian |    32.00 |
| Dog          | Snoopy    |     1.00 |
| Giraffe      | Dewey     |  3750.00 |
| Giraffe      | Sally     |  5000.25 |
| Giraffe      | Sam       |  5000.00 |
| Hippopotamus | Tiny      |  5000.00 |
| Horse        | NULL      |   490.00 |
| Lion         | Lenora    |  5000.00 |
| Lion         | Leon      |  5000.00 |
| Manatee      | Becky     |  8000.00 |
| Meerkat      | Sophia    |  1860.00 |
| Platypus     | Charlie   |  4348.00 |
| Puma         | Ryan      |  6000.00 |
| Tiger        | Zoey      |  8000.00 |
| Zebra        | Dewey     |  2500.25 |
| Zebra        | Donald    |   780.00 |
| Zebra        | Huey      |  2500.25 |
| Zebra        | Louie     |  2500.25 |
+--------------+-----------+----------+
22 rows in set (0.00 sec)

--------------
/* TASK 06 */
select z_id, z_name, z_dob
from a_testbed.zoo_2015
where z_type='Zebra'
--------------

+------+--------+---------------------+
| z_id | z_name | z_dob               |
+------+--------+---------------------+
|   43 | Huey   | 2013-06-02 00:00:00 |
|   44 | Dewey  | 2013-06-02 00:00:00 |
|   45 | Louie  | 2013-01-02 00:00:00 |
|  456 | Donald | 2010-01-17 00:00:00 |
+------+--------+---------------------+
4 rows in set (0.00 sec)

--------------
/* TASK 07 */
show tables
--------------

+---------------------+
| Tables_in_a_testbed |
+---------------------+
| zoo_2015            |
+---------------------+
1 row in set (0.00 sec)

--------------
/* TASK 08 */
desc zoo_2015
--------------

+------------+-----------------------+------+-----+---------+-------+
| Field      | Type                  | Null | Key | Default | Extra |
+------------+-----------------------+------+-----+---------+-------+
| z_id       | int(11)               | NO   |     | NULL    |       |
| z_name     | varchar(25)           | YES  |     | NULL    |       |
| z_type     | varchar(25)           | NO   |     | NULL    |       |
| z_cost     | decimal(7,2) unsigned | NO   |     | NULL    |       |
| z_dob      | datetime              | NO   |     | NULL    |       |
| z_acquired | date                  | NO   |     | NULL    |       |
+------------+-----------------------+------+-----+---------+-------+
6 rows in set (0.00 sec)

--------------
/* TASK 09 */
show variables like 'char%'
--------------

+--------------------------+----------------------------+
| Variable_name            | Value                      |
+--------------------------+----------------------------+
| character_set_client     | utf8                       |
| character_set_connection | utf8                       |
| character_set_database   | latin1                     |
| character_set_filesystem | binary                     |
| character_set_results    | utf8                       |
| character_set_server     | latin1                     |
| character_set_system     | utf8                       |
| character_sets_dir       | /usr/share/mysql/charsets/ |
+--------------------------+----------------------------+
8 rows in set (0.01 sec)

Bye
